dataset,generator,config_id,metric,mean,ci_lo,ci_hi,n_seeds
diabetes,ctgan,baseline,c2st_auc,0.7936236453927914,0.7541984398652465,0.8340598286430685,5
diabetes,great,baseline,c2st_auc,0.768615473413164,0.7488186607922321,0.786055549776476,15
diabetes,great,column_order=perm1,c2st_auc,0.772623893532018,0.7633412790258786,0.7827232395208131,15
diabetes,great,column_order=perm2,c2st_auc,0.776776349983945,0.7674096021934494,0.7858982968691475,15
diabetes,great,column_order=perm3,c2st_auc,0.7677560592745737,0.7471134297861703,0.7835576990522671,15
diabetes,great,numeric_format=rounded,c2st_auc,0.7395294384504555,0.7237782122923189,0.7536818759397775,15
diabetes,icl,baseline,c2st_auc,0.7236757799138701,0.7042036991887977,0.7435973826368278,15
diabetes,icl,column_order=perm1,c2st_auc,0.7042963446960873,0.6927016098709567,0.7158423260325499,15
diabetes,icl,column_order=perm2,c2st_auc,0.688168078748627,0.6789084688617777,0.6979435860705401,15
diabetes,icl,column_order=perm3,c2st_auc,0.703040258151482,0.6966116591303859,0.7099350063046146,15
diabetes,icl,numeric_format=rounded,c2st_auc,0.7310842817344606,0.7160754881425931,0.7468084428378604,15
diabetes,icl,serialization=compact,c2st_auc,0.7332074252503155,0.69769514831827,0.7692871154158029,15
diabetes,icl,serialization=keyvalue,c2st_auc,0.8181399815864079,0.7981725630434365,0.8406652227997689,15
diabetes,tvae,baseline,c2st_auc,0.729981394975885,0.7108083812545443,0.7491544086972258,5
diabetes,ctgan,baseline,corr_diff,1.6515886015702386,1.6065870328135161,1.6965901703269606,5
diabetes,great,baseline,corr_diff,1.2977985607796783,1.2709139853533784,1.327924665995942,15
diabetes,great,column_order=perm1,corr_diff,1.3296506540587272,1.2899580813571063,1.3783619076600417,15
diabetes,great,column_order=perm2,corr_diff,1.2790664402684289,1.2593263527570189,1.2973775916232748,15
diabetes,great,column_order=perm3,corr_diff,1.3076819008846063,1.2820261803061404,1.3342339933238785,15
diabetes,great,numeric_format=rounded,corr_diff,1.2907812611761347,1.2551030146683337,1.3287522648341679,15
diabetes,icl,baseline,corr_diff,1.8621413226830796,1.7575417766789967,1.9884835506065377,15
diabetes,icl,column_order=perm1,corr_diff,1.4193662586041498,1.338281289131804,1.4885286947596759,15
diabetes,icl,column_order=perm2,corr_diff,1.805531602451397,1.764684222926228,1.849800937120099,15
diabetes,icl,column_order=perm3,corr_diff,1.5846920502424418,1.5335886072820548,1.6303980772566844,15
diabetes,icl,numeric_format=rounded,corr_diff,1.9061874409996824,1.770122711687033,2.039389873953764,15
diabetes,icl,serialization=compact,corr_diff,1.999099065755313,1.7826698567135304,2.2512622875747965,15
diabetes,icl,serialization=keyvalue,corr_diff,2.5202675707497417,2.305102357940991,2.7394962828365257,15
diabetes,tvae,baseline,corr_diff,0.9311297067163279,0.8236745204054338,1.038330685106994,5
diabetes,ctgan,baseline,ks_marginal,0.22451140065146583,0.20325732899022803,0.25232084690553747,5
diabetes,great,baseline,ks_marginal,0.17280130293159607,0.16094258957654722,0.1837835912052117,15
diabetes,great,column_order=perm1,ks_marginal,0.17399565689467975,0.16577090119435398,0.18351520086862105,15
diabetes,great,column_order=perm2,ks_marginal,0.1798045602605863,0.17058597991313793,0.18964915852334419,15
diabetes,great,column_order=perm3,ks_marginal,0.17300488599348535,0.15943234256243216,0.18547808089033657,15
diabetes,great,numeric_format=rounded,ks_marginal,0.15774972855591748,0.14492162052117263,0.1689630836047774,15
diabetes,icl,baseline,ks_marginal,0.21551302931596086,0.20127205483170463,0.23012181053203037,15
diabetes,icl,column_order=perm1,ks_marginal,0.19136807817589577,0.1833197611292074,0.20039834419109662,15
diabetes,icl,column_order=perm2,ks_marginal,0.19093376764386535,0.18265370521172636,0.20229505971769815,15
diabetes,icl,column_order=perm3,ks_marginal,0.17022258414766558,0.1640200868621064,0.17631853963083605,15
diabetes,icl,numeric_format=rounded,ks_marginal,0.22474212812160693,0.21047774158523344,0.241334486970684,15
diabetes,icl,serialization=compact,ks_marginal,0.22954668838219322,0.19515268729641697,0.26959928067318134,15
diabetes,icl,serialization=keyvalue,ks_marginal,0.29168023887079264,0.26939434039087945,0.31799742128121605,15
diabetes,tvae,baseline,ks_marginal,0.15867263843648208,0.14731270358306187,0.17048045602605863,5
diabetes,ctgan,baseline,tstr,0.6077407407407407,0.513425,0.7002657407407408,5
diabetes,great,baseline,tstr,0.5143333333333334,0.4699324074074075,0.5627595679012347,15
diabetes,great,column_order=perm1,tstr,0.5165555555555555,0.49244012345679017,0.5405188271604939,15
diabetes,great,column_order=perm2,tstr,0.5430740740740742,0.5128756172839506,0.5762688271604938,15
diabetes,great,column_order=perm3,tstr,0.5338888888888889,0.5102354938271604,0.5568552469135802,15
diabetes,great,numeric_format=rounded,tstr,0.5296172839506174,0.4927836419753087,0.566070987654321,15
diabetes,icl,baseline,tstr,0.6642469135802469,0.62885262345679,0.6999875000000001,15
diabetes,icl,column_order=perm1,tstr,0.6135061728395061,0.5905129629629629,0.6361123456790123,15
diabetes,icl,column_order=perm2,tstr,0.6314320987654322,0.6084362654320988,0.6536117283950617,15
diabetes,icl,column_order=perm3,tstr,0.6701234567901235,0.6430293209876543,0.7004077160493827,15
diabetes,icl,numeric_format=rounded,tstr,0.6630123456790125,0.6289827160493827,0.6951466049382714,15
diabetes,icl,serialization=compact,tstr,0.6773456790123457,0.6513024691358024,0.703164814814815,15
diabetes,icl,serialization=keyvalue,tstr,0.6945740740740741,0.668971913580247,0.7212163580246913,15
diabetes,tvae,baseline,tstr,0.7633703703703703,0.7501333333333333,0.7835555555555554,5
diabetes,ctgan,baseline,tvd_categorical,0.1094462540716612,0.1084690553745928,0.1104234527687296,5
diabetes,great,baseline,tvd_categorical,0.03300760043431054,0.018995656894679705,0.049948425624321405,15
diabetes,great,column_order=perm1,tvd_categorical,0.040933767643865374,0.026490228013029325,0.05548588490770903,15
diabetes,great,column_order=perm2,tvd_categorical,0.03137893593919653,0.0221498371335505,0.04126221498371336,15
diabetes,great,column_order=perm3,tvd_categorical,0.042128121606948975,0.030290445168295335,0.054942996742671016,15
diabetes,great,numeric_format=rounded,tvd_categorical,0.047448425624321396,0.03235613463626494,0.06254071661237787,15
diabetes,icl,baseline,tvd_categorical,0.05483170466883822,0.035285016286644946,0.07340662323561346,15
diabetes,icl,column_order=perm1,tvd_categorical,0.10640608034744845,0.08805103148751356,0.12747285559174812,15
diabetes,icl,column_order=perm2,tvd_categorical,0.04299674267100976,0.027684581976112912,0.060914766558089015,15
diabetes,icl,column_order=perm3,tvd_categorical,0.07415852334419108,0.059495114006514645,0.08849077090119435,15
diabetes,icl,numeric_format=rounded,tvd_categorical,0.05667752442996742,0.03570846905537461,0.08219598262757874,15
diabetes,icl,serialization=compact,tvd_categorical,0.1216069489685125,0.07271715526601522,0.18018729641693806,15
diabetes,icl,serialization=keyvalue,tvd_categorical,0.14625407166123777,0.10129207383279047,0.1941530944625407,15
diabetes,tvae,baseline,tvd_categorical,0.10325732899022802,0.08403908794788276,0.12638436482084692,5
